<?xml version="1.0" ?>
<addon id="repository.addrepo" name="Repository Hive" version="1.0" provider-name="vale44">
    <extension point="xbmc.addon.repository" name="Repository Hive">
        <dir>
            <info compressed="false">https://raw.githubusercontent.com/vale44/addrepo/main/generated/addons.xml</info>
            <checksum>https://raw.githubusercontent.com/vale44/addrepo/main/generated/addons.xml.md5</checksum>
            <datadir zip="true">https://raw.githubusercontent.com/vale44/addrepo/main/generated/</datadir>
        </dir>
        <dir>
            <info compressed="false">https://raw.githubusercontent.com/a4k-openproject/repository.openwizard/master/matrix/zips/addons.xml</info>
            <checksum>https://raw.githubusercontent.com/a4k-openproject/repository.openwizard/master/matrix/zips/addons.xml.md5</checksum>
            <datadir zip="true">https://raw.githubusercontent.com/a4k-openproject/repository.openwizard/master/matrix/zips/</datadir>
        </dir>
        <dir>
            <info compressed="false">https://loopaddon.uk/zips19/addons.xml</info>
            <checksum>https://loopaddon.uk/zips19/addons.xml.md5</checksum>
            <datadir zip="true">https://loopaddon.uk/zips19/</datadir>
        </dir>
        <dir>
            <info compressed="false">https://raw.githubusercontent.com/jurialmunkey/repository.jurialmunkey/master/repo/zips/addons.xml</info>
            <checksum>https://raw.githubusercontent.com/jurialmunkey/repository.jurialmunkey/master/repo/zips/addons.xml.md5</checksum>
            <datadir zip="true">https://raw.githubusercontent.com/jurialmunkey/repository.jurialmunkey/master/repo/zips/</datadir>
        </dir>
        <dir>
            <info compressed="false">https://raw.githubusercontent.com/drinfernoo/plugin.program.autowidget/repo/zips/addons.xml</info>
            <checksum>https://raw.githubusercontent.com/drinfernoo/plugin.program.autowidget/repo/zips/addons.xml.md5</checksum>
            <datadir zip="true">https://raw.githubusercontent.com/drinfernoo/plugin.program.autowidget/repo/zips/</datadir>
        </dir>
        <dir>
            <info compressed="false">https://raw.githubusercontent.com/vale44/repository.vale44/main/generated/addons.xml</info>
            <checksum>https://raw.githubusercontent.com/vale44/repository.vale44/main/generated/addons.xml.md5</checksum>
            <datadir zip="true">https://raw.githubusercontent.com/vale44/repository.vale44/main/generated/</datadir>
        </dir>
        <dir>
            <info compressed="false">https://michaz1988.github.io/repo/addons.xml</info>
            <checksum>https://michaz1988.github.io/repo/addons.xml.md5</checksum>
            <datadir zip="true">https://michaz1988.github.io/repo/</datadir>
        </dir>
        <dir>
            <info compressed="false">https://raw.githubusercontent.com/dobbelina/repository.dobbelina/master/addons.xml</info>
            <checksum>https://raw.githubusercontent.com/dobbelina/repository.dobbelina/master/addons.xml.md5</checksum>
            <datadir zip="true">https://raw.githubusercontent.com/dobbelina/repository.dobbelina/master/</datadir>
        </dir>
        <dir>
            <info compressed="false">https://raw.githubusercontent.com/Goldenfreddy0703/repository.hooty/master/repo/zips/addons.xml</info>
            <checksum>https://raw.githubusercontent.com/Goldenfreddy0703/repository.hooty/master/repo/zips/addons.xml.md5</checksum>
            <datadir zip="true">https://raw.githubusercontent.com/Goldenfreddy0703/repository.hooty/master/repo/zips/</datadir>
        </dir>
        <dir>
            <info compressed="false">https://raw.githubusercontent.com/Goldenfreddy0703/repository.ytmusic/master/repo/zips/addons.xml</info>
            <checksum>https://raw.githubusercontent.com/Goldenfreddy0703/repository.ytmusic/master/repo/zips/addons.xml.md5</checksum>
            <datadir zip="true">https://raw.githubusercontent.com/Goldenfreddy0703/repository.ytmusic/master/repo/zips/</datadir>
        </dir>
        <dir>
            <info compressed="false">https://raw.githubusercontent.com/Goldenfreddy0703/repository.otaku/master/repo/zips/addons.xml</info>
            <checksum>https://raw.githubusercontent.com/Goldenfreddy0703/repository.otaku/master/repo/zips/addons.xml.md5</checksum>
            <datadir zip="true">https://raw.githubusercontent.com/Goldenfreddy0703/repository.otaku/master/repo/zips/</datadir>
        </dir>
        <dir>
            <info compressed="false">https://magnetic.website/__zips/addons.xml</info>
            <checksum>https://magnetic.website/__zips/addons.xml.md5</checksum>
            <datadir zip="true">https://magnetic.website/__zips/</datadir>
        </dir>
        <dir>
            <info compressed="false">https://raw.githubusercontent.com/totalrevolution/python-koding/master/zips/addons.xml</info>
            <checksum>https://raw.githubusercontent.com/totalrevolution/python-koding/master/zips/addons.xml.md5</checksum>
            <datadir zip="true">https://raw.githubusercontent.com/totalrevolution/python-koding/master/zips/</datadir>
        </dir>
        <dir>
            <info compressed="false">https://raw.githubusercontent.com/streamxstream/xStreamRepo/repo/zips/addons.xml</info>
            <checksum>https://raw.githubusercontent.com/streamxstream/xStreamRepo/repo/zips/addons.xml.sha256</checksum>
            <datadir zip="true">https://raw.githubusercontent.com/streamxstream/xStreamRepo/repo/zips/</datadir>
        </dir>
    </extension>
    <extension point="xbmc.addon.metadata">
        <summary>Repository Hive</summary>
        <description>All the useful repositories I know</description>
        <disclaimer/>
        <platform>all</platform>
        <assets>
            <icon>icon.png</icon>
            <fanart>fanart.jpg</fanart>
        </assets>
    </extension>
</addon>
